id,first_name,last_name,email,expense,price
1,Babb,Gatus,bgatus0@blogger.com,Textbooks,$2.89
2,Pegeen,Bransdon,pbransdon1@craigslist.org,Dental Check-up,$35.29
3,Steffie,Seczyk,sseczyk2@opensource.org,Public Transit Pass,$7.53
4,Wally,Issatt,wissatt3@newyorker.com,Home Repairs,$35.45
5,Graehme,Chown,gchown4@godaddy.com,Electricity Bill,$17.07
6,Mendy,Manklow,mmanklow5@shutterfly.com,Gasoline,$22.01
7,Dag,Iohananof,diohananof6@tripod.com,Stock Market Investment,$18.95
8,Glory,Jeacop,gjeacop7@cyberchimps.com,Bicycle Maintenance,$37.24
9,Daryl,Ashness,dashness8@sogou.com,Bicycle Maintenance,$6.14
10,Kleon,Swaite,kswaite9@ycombinator.com,Movie Tickets,$21.90
11,Jacki,Fattorini,jfattorinia@cbsnews.com,Movie Tickets,$10.97
12,Vivi,Coupman,vcoupmanb@ftc.gov,Life Insurance Premium,$9.19
13,Maximilien,Bettlestone,mbettlestonec@squidoo.com,Bicycle Maintenance,$16.55
14,Brittaney,Hacksby,bhacksbyd@yandex.ru,Gym Membership,$35.43
15,Solomon,Boyan,sboyane@mozilla.com,Public Transit Pass,$26.73
16,Geraldine,Crohan,gcrohanf@google.com.hk,Internet Service,$21.67
17,Mayor,Dellar,mdellarg@geocities.jp,Auto Insurance Renewal,$21.44
18,Patti,L'Hommeau,plhommeauh@cisco.com,Organic Snacks,$27.81
19,Pepe,Aupol,paupoli@businesswire.com,Gasoline,$18.78
20,Ewell,Pechell,epechellj@paypal.com,Fresh Produce,$11.86
21,Cordell,Harce,charcek@indiegogo.com,Textbooks,$35.32
22,Carleton,Russon,crussonl@w3.org,Internet Service,$28.74
23,Eugenie,Trevear,etrevearm@hatena.ne.jp,Auto Insurance Renewal,$10.22
24,Thornie,Lightowler,tlightowlern@usda.gov,Mortgage Payment,$16.38
25,Rafe,McIlhagga,rmcilhaggao@infoseek.co.jp,Public Transit Pass,$1.72
26,Gradeigh,Queyos,gqueyosp@github.com,Meat and Poultry,$22.05
27,Emlyn,Denes,edenesq@godaddy.com,Mortgage Payment,$19.90
28,Kamillah,Goater,kgoaterr@nytimes.com,Prescription Medication,$33.10
29,Ariella,Tinkler,atinklers@youku.com,Stock Market Investment,$3.72
30,Thoma,Trembley,ttrembleyt@reference.com,Prescription Medication,$31.67
31,Dalton,Osmon,dosmonu@smh.com.au,Gasoline,$6.75
32,Quinn,Warrior,qwarriorv@wikia.com,Meat and Poultry,$2.89
33,Cornie,Staddom,cstaddomw@mlb.com,Organic Snacks,$31.42
34,Chery,Hemerijk,chemerijkx@networksolutions.com,Auto Insurance Renewal,$28.29
35,Kirbie,Brailsford,kbrailsfordy@ow.ly,Online Course Subscription,$3.63
36,Cos,Manclark,cmanclarkz@weebly.com,Online Course Subscription,$31.99
37,Elane,Atheis,eatheis10@histats.com,Stock Market Investment,$2.37
38,Krysta,MacSharry,kmacsharry11@dell.com,Gym Membership,$26.25
39,Bart,Bedson,bbedson12@virginia.edu,Retirement Account Contribution,$7.12
40,Donny,Genny,dgenny13@flickr.com,Organic Snacks,$3.05
41,Greggory,Probbings,gprobbings14@salon.com,Stock Market Investment,$15.94
42,Granger,Henstridge,ghenstridge15@gizmodo.com,Online Course Subscription,$9.77
43,Hulda,Trowill,htrowill16@desdev.cn,Online Course Subscription,$25.31
44,Geri,Britee,gbritee17@yelp.com,Online Course Subscription,$38.83
45,Hortensia,Bamborough,hbamborough18@ifeng.com,Textbooks,$6.07
46,Ailyn,Lindfors,alindfors19@weather.com,Meat and Poultry,$5.66
47,Timoteo,Daspar,tdaspar1a@4shared.com,Life Insurance Premium,$4.59
48,Roderic,Rolance,rrolance1b@istockphoto.com,Mortgage Payment,$21.41
49,Haskell,Staunton,hstaunton1c@nsw.gov.au,Bicycle Maintenance,$9.31
50,Dusty,Chubb,dchubb1d@zimbio.com,Movie Tickets,$33.76
51,Marguerite,Arnatt,marnatt1e@cornell.edu,Meat and Poultry,$7.56
52,Casar,Millsom,cmillsom1f@linkedin.com,Dental Check-up,$12.60
53,Andonis,Ullrich,aullrich1g@lulu.com,Organic Snacks,$17.81
54,Lynea,Roubottom,lroubottom1h@engadget.com,Gasoline,$23.81
55,Ariela,Lung,alung1i@rakuten.co.jp,Textbooks,$21.94
56,Berk,Slad,bslad1j@squarespace.com,Electricity Bill,$8.68
57,Enrique,Billin,ebillin1k@csmonitor.com,Movie Tickets,$21.06
58,Trula,Stitch,tstitch1l@creativecommons.org,Life Insurance Premium,$20.76
59,Gilles,Kruschev,gkruschev1m@gizmodo.com,Gasoline,$7.61
60,Almeda,O'Tuohy,aotuohy1n@yellowpages.com,Dental Check-up,$25.16
61,Gayle,Castello,gcastello1o@state.tx.us,Fresh Produce,$6.33
62,Richardo,Eye,reye1p@constantcontact.com,Gasoline,$21.26
63,Tonie,Gilhooly,tgilhooly1q@baidu.com,Online Course Subscription,$37.30
64,Tabatha,Denniss,tdenniss1r@businessinsider.com,Prescription Medication,$11.08
65,Dar,Bambury,dbambury1s@ebay.co.uk,Textbooks,$39.64
66,Stephannie,Fynan,sfynan1t@phpbb.com,Life Insurance Premium,$20.84
67,Lindsey,Antos,lantos1u@squarespace.com,Public Transit Pass,$8.28
68,Inesita,Swinnerton,iswinnerton1v@timesonline.co.uk,Electricity Bill,$25.68
69,Catarina,Smardon,csmardon1w@technorati.com,Public Transit Pass,$10.95
70,Jessamyn,Shakelade,jshakelade1x@drupal.org,Online Course Subscription,$6.96
71,Jessalin,Rowney,jrowney1y@unicef.org,Gasoline,$25.76
72,Pamela,Sarath,psarath1z@meetup.com,Gasoline,$19.73
73,Berky,McGonnell,bmcgonnell20@umich.edu,Gym Membership,$27.16
74,Remy,Davidde,rdavidde21@so-net.ne.jp,Auto Insurance Renewal,$23.96
75,Nobie,Barke,nbarke22@studiopress.com,Internet Service,$30.00
76,Vlad,Wrathall,vwrathall23@google.nl,Life Insurance Premium,$29.12
77,Reginald,Tantrum,rtantrum24@foxnews.com,Bicycle Maintenance,$14.09
78,Katerina,Thackray,kthackray25@comcast.net,Stock Market Investment,$18.15
79,Arney,Upham,aupham26@rambler.ru,Organic Snacks,$4.15
80,Jermaine,Danelet,jdanelet27@themeforest.net,Movie Tickets,$3.89
81,Dita,Neesam,dneesam28@i2i.jp,Online Course Subscription,$3.99
82,Noellyn,Peeters,npeeters29@taobao.com,Textbooks,$1.61
83,Loy,Rollingson,lrollingson2a@blogs.com,Home Repairs,$26.02
84,Vinson,Deely,vdeely2b@sfgate.com,Bicycle Maintenance,$4.36
85,Charil,Walklot,cwalklot2c@moonfruit.com,Mortgage Payment,$18.81
86,Murielle,Vogt,mvogt2d@shop-pro.jp,Online Course Subscription,$30.50
87,Jenelle,Nend,jnend2e@constantcontact.com,Organic Snacks,$31.65
88,Haley,Shearwood,hshearwood2f@e-recht24.de,Meat and Poultry,$3.91
89,Corbin,Gerhardt,cgerhardt2g@wikimedia.org,Stock Market Investment,$21.85
90,Madalena,Upson,mupson2h@wikispaces.com,Meat and Poultry,$27.64
91,Ron,Erwin,rerwin2i@reddit.com,Prescription Medication,$35.27
92,Audre,Muro,amuro2j@mozilla.org,Bicycle Maintenance,$3.23
93,Griffy,Tyer,gtyer2k@cam.ac.uk,Gasoline,$4.62
94,Dasya,Corneck,dcorneck2l@ustream.tv,Textbooks,$17.46
95,Doretta,Millbank,dmillbank2m@google.cn,Textbooks,$3.14
96,Preston,Tzar,ptzar2n@foxnews.com,Home Repairs,$31.52
97,Madelina,MacDunlevy,mmacdunlevy2o@mozilla.com,Bicycle Maintenance,$24.14
98,Bryanty,Inker,binker2p@scribd.com,Retirement Account Contribution,$39.91
99,Marleah,Cottle,mcottle2q@miibeian.gov.cn,Electricity Bill,$19.43
100,Yancey,Isabell,yisabell2r@wiley.com,Meat and Poultry,$7.10
101,Terencio,Everard,teverard2s@about.me,Organic Snacks,$10.56
102,Kikelia,Volonte,kvolonte2t@github.io,Life Insurance Premium,$3.73
103,Denys,Wardroper,dwardroper2u@sciencedirect.com,Online Course Subscription,$18.40
104,Sioux,Dot,sdot2v@ovh.net,Home Repairs,$35.69
105,Scarlet,Feary,sfeary2w@fastcompany.com,Organic Snacks,$3.06
106,Esra,Mingey,emingey2x@cdbaby.com,Movie Tickets,$18.92
107,Rafael,Summergill,rsummergill2y@amazonaws.com,Movie Tickets,$7.11
108,Bebe,Rudgard,brudgard2z@webeden.co.uk,Organic Snacks,$33.25
109,Isiahi,Landeg,ilandeg30@istockphoto.com,Public Transit Pass,$32.33
110,Ruth,Velez,rvelez31@wikipedia.org,Meat and Poultry,$25.41
111,Tandy,Andreichik,tandreichik32@sbwire.com,Prescription Medication,$29.31
112,Tresa,Brundrett,tbrundrett33@acquirethisname.com,Electricity Bill,$25.34
113,Linnea,Tomaskunas,ltomaskunas34@livejournal.com,Meat and Poultry,$13.58
114,Cosette,Stoaks,cstoaks35@java.com,Bicycle Maintenance,$20.72
115,Arvin,Bennit,abennit36@sogou.com,Meat and Poultry,$34.26
116,Sayres,Yerrington,syerrington37@biglobe.ne.jp,Retirement Account Contribution,$9.18
117,Costa,Geffen,cgeffen38@paginegialle.it,Home Repairs,$30.16
118,Josh,Rocco,jrocco39@issuu.com,Bicycle Maintenance,$36.40
119,Lester,Gleadle,lgleadle3a@guardian.co.uk,Meat and Poultry,$23.00
120,Benedikt,Springell,bspringell3b@ning.com,Electricity Bill,$30.50
121,Chiquita,Janatka,cjanatka3c@drupal.org,Public Transit Pass,$4.86
122,Ray,Reede,rreede3d@thetimes.co.uk,Public Transit Pass,$4.09
123,Maia,Lighton,mlighton3e@kickstarter.com,Gasoline,$38.41
124,Tarrah,Mayworth,tmayworth3f@bloomberg.com,Fresh Produce,$19.26
125,Brod,McGaughey,bmcgaughey3g@constantcontact.com,Bicycle Maintenance,$7.23
126,Leonard,Loudiane,lloudiane3h@barnesandnoble.com,Dental Check-up,$18.07
127,Cornie,Adamovitch,cadamovitch3i@yahoo.com,Life Insurance Premium,$25.07
128,Ax,Fihelly,afihelly3j@engadget.com,Gym Membership,$15.94
129,Judi,Boswell,jboswell3k@home.pl,Stock Market Investment,$21.40
130,Fernande,Petraitis,fpetraitis3l@senate.gov,Public Transit Pass,$13.20
131,Ardine,Juckes,ajuckes3m@ameblo.jp,Textbooks,$6.53
132,Vail,Toulamain,vtoulamain3n@discovery.com,Public Transit Pass,$24.04
133,Damon,Middleweek,dmiddleweek3o@hatena.ne.jp,Fresh Produce,$25.89
134,Ermanno,Feighney,efeighney3p@foxnews.com,Stock Market Investment,$27.50
135,Doralynne,Woodvine,dwoodvine3q@oakley.com,Mortgage Payment,$1.25
136,Parke,Cubbin,pcubbin3r@si.edu,Bicycle Maintenance,$12.28
137,Ryun,Fransseni,rfransseni3s@shinystat.com,Textbooks,$9.10
138,Iseabal,Belt,ibelt3t@quantcast.com,Movie Tickets,$22.55
139,Suzanna,Francombe,sfrancombe3u@vkontakte.ru,Life Insurance Premium,$37.64
140,Conroy,Maseres,cmaseres3v@mozilla.com,Online Course Subscription,$24.82
141,Janette,Battram,jbattram3w@china.com.cn,Meat and Poultry,$39.97
142,Laney,Cumpton,lcumpton3x@bbc.co.uk,Public Transit Pass,$11.17
143,Norbie,Godlonton,ngodlonton3y@webeden.co.uk,Dental Check-up,$16.14
144,Jo,Munslow,jmunslow3z@simplemachines.org,Prescription Medication,$21.22
145,Giustino,Falcus,gfalcus40@indiatimes.com,Prescription Medication,$17.54
146,Borg,Papworth,bpapworth41@wsj.com,Bicycle Maintenance,$32.03
147,Annamaria,Boote,aboote42@shinystat.com,Online Course Subscription,$26.71
148,Nigel,Mattiello,nmattiello43@slate.com,Online Course Subscription,$4.03
149,Myrtie,Wozencroft,mwozencroft44@dropbox.com,Internet Service,$22.44
150,Amye,Curtiss,acurtiss45@wiley.com,Prescription Medication,$7.26
151,Milt,Fenby,mfenby46@sakura.ne.jp,Textbooks,$34.83
152,Mikkel,Millom,mmillom47@dailymotion.com,Electricity Bill,$16.90
153,Marena,Yushmanov,myushmanov48@webeden.co.uk,Retirement Account Contribution,$21.02
154,Sharona,Grattan,sgrattan49@chron.com,Online Course Subscription,$9.35
155,Jocelin,Mc Trusty,jmctrusty4a@cafepress.com,Organic Snacks,$31.16
156,Tome,Weall,tweall4b@exblog.jp,Auto Insurance Renewal,$18.26
157,Fan,Cripwell,fcripwell4c@ucla.edu,Internet Service,$28.43
158,Val,Allsobrook,vallsobrook4d@hp.com,Online Course Subscription,$30.20
159,Maurizio,Saenz,msaenz4e@fema.gov,Electricity Bill,$9.86
160,Lamont,Oglevie,loglevie4f@rakuten.co.jp,Gym Membership,$5.15
161,Phelia,Enion,penion4g@last.fm,Home Repairs,$33.12
162,Skipper,Kobera,skobera4h@is.gd,Stock Market Investment,$14.50
163,Selle,Cabrer,scabrer4i@mozilla.org,Gym Membership,$7.64
164,Elmer,Baudi,ebaudi4j@dailymotion.com,Textbooks,$18.78
165,Fanny,Eddy,feddy4k@loc.gov,Retirement Account Contribution,$36.61
166,Berte,Eannetta,beannetta4l@nhs.uk,Bicycle Maintenance,$17.48
167,Marthena,Polsin,mpolsin4m@dailymotion.com,Mortgage Payment,$18.94
168,Stephannie,Zamorrano,szamorrano4n@friendfeed.com,Mortgage Payment,$33.97
169,Maressa,Crosston,mcrosston4o@redcross.org,Fresh Produce,$24.12
170,Alvie,Bordis,abordis4p@illinois.edu,Meat and Poultry,$22.46
171,Mohandis,Pellew,mpellew4q@xrea.com,Mortgage Payment,$4.72
172,Joane,Cattenach,jcattenach4r@unblog.fr,Public Transit Pass,$23.06
173,Glori,Masters,gmasters4s@php.net,Online Course Subscription,$2.46
174,Mair,Hatwells,mhatwells4t@discovery.com,Organic Snacks,$14.54
175,Bengt,Maliffe,bmaliffe4u@netvibes.com,Public Transit Pass,$26.01
176,Cullin,Nutbrown,cnutbrown4v@google.co.jp,Internet Service,$36.74
177,Miran,O'Cannan,mocannan4w@alexa.com,Auto Insurance Renewal,$6.82
178,Philip,Downey,pdowney4x@ucsd.edu,Movie Tickets,$13.56
179,Titus,Hanigan,thanigan4y@uol.com.br,Home Repairs,$31.01
180,Seumas,Janzen,sjanzen4z@gov.uk,Life Insurance Premium,$27.10
181,Jayson,Chart,jchart50@home.pl,Public Transit Pass,$28.87
182,Olin,Fetherston,ofetherston51@mysql.com,Organic Snacks,$39.40
183,Franny,Beebee,fbeebee52@paginegialle.it,Mortgage Payment,$35.52
184,Teodor,Gilston,tgilston53@google.com.br,Online Course Subscription,$3.84
185,Ambrosius,Szapiro,aszapiro54@timesonline.co.uk,Stock Market Investment,$26.75
186,Boote,Wickliffe,bwickliffe55@webnode.com,Prescription Medication,$2.28
187,Sven,Rabbe,srabbe56@pagesperso-orange.fr,Dental Check-up,$39.03
188,Jacquie,Rohlfing,jrohlfing57@nps.gov,Meat and Poultry,$14.95
189,Boony,Cusworth,bcusworth58@google.com.au,Textbooks,$21.93
190,Alli,Kunze,akunze59@hatena.ne.jp,Electricity Bill,$5.07
191,Bobbie,Hedylstone,bhedylstone5a@smugmug.com,Stock Market Investment,$37.34
192,Monique,Gordge,mgordge5b@rakuten.co.jp,Retirement Account Contribution,$36.19
193,Kikelia,Utley,kutley5c@sourceforge.net,Public Transit Pass,$11.73
194,Dannie,Sydes,dsydes5d@alibaba.com,Life Insurance Premium,$5.44
195,Bowie,Heavens,bheavens5e@reuters.com,Electricity Bill,$33.94
196,Giffie,Dewhurst,gdewhurst5f@techcrunch.com,Internet Service,$26.56
197,Godard,Kuhlmey,gkuhlmey5g@wired.com,Public Transit Pass,$4.89
198,Ryann,Pringer,rpringer5h@i2i.jp,Prescription Medication,$7.97
199,Auberta,Mummery,amummery5i@quantcast.com,Auto Insurance Renewal,$12.68
200,Boote,Jeandin,bjeandin5j@icio.us,Meat and Poultry,$30.08
201,Antonino,Sheryn,asheryn5k@toplist.cz,Online Course Subscription,$2.45
202,Noell,McComb,nmccomb5l@tumblr.com,Gasoline,$30.30
203,Lyman,Daintry,ldaintry5m@sogou.com,Auto Insurance Renewal,$23.34
204,Gabriello,Weakley,gweakley5n@ucsd.edu,Prescription Medication,$11.19
205,Penrod,Bassom,pbassom5o@accuweather.com,Dental Check-up,$4.24
206,Lynelle,Matthewes,lmatthewes5p@wufoo.com,Textbooks,$35.61
207,Jilleen,Cornelius,jcornelius5q@51.la,Gym Membership,$25.54
208,Ermentrude,Stearn,estearn5r@salon.com,Electricity Bill,$25.06
209,Mandy,Beynkn,mbeynkn5s@state.tx.us,Mortgage Payment,$16.22
210,Vanda,Barck,vbarck5t@marriott.com,Mortgage Payment,$16.99
211,Mareah,Callingham,mcallingham5u@blog.com,Prescription Medication,$29.13
212,Nichole,Grand,ngrand5v@mapquest.com,Gym Membership,$17.13
213,Belita,Habbijam,bhabbijam5w@xinhuanet.com,Gym Membership,$15.40
214,Anne,Demanche,ademanche5x@dot.gov,Bicycle Maintenance,$33.90
215,Myca,Bound,mbound5y@telegraph.co.uk,Textbooks,$32.27
216,Ferdy,Bennetto,fbennetto5z@goodreads.com,Textbooks,$14.21
217,Donielle,Seamons,dseamons60@nbcnews.com,Movie Tickets,$35.62
218,Nydia,Bengtson,nbengtson61@hexun.com,Prescription Medication,$39.60
219,Haley,Slocombe,hslocombe62@moonfruit.com,Organic Snacks,$13.47
220,Gardy,Pardew,gpardew63@studiopress.com,Prescription Medication,$19.63
221,Rebecca,Hughill,rhughill64@smh.com.au,Electricity Bill,$22.29
222,Giffer,Lafee,glafee65@vk.com,Internet Service,$36.08
223,Maura,Perel,mperel66@ezinearticles.com,Gasoline,$6.28
224,Andrei,Stockell,astockell67@omniture.com,Public Transit Pass,$9.07
225,Georgie,Edworthie,gedworthie68@t.co,Online Course Subscription,$24.65
226,Aldis,Kintzel,akintzel69@csmonitor.com,Stock Market Investment,$10.57
227,Brady,Hobble,bhobble6a@seattletimes.com,Fresh Produce,$26.64
228,Reilly,Portam,rportam6b@dyndns.org,Bicycle Maintenance,$4.31
229,Verna,Rubee,vrubee6c@themeforest.net,Prescription Medication,$32.81
230,Eugine,Labusquiere,elabusquiere6d@biglobe.ne.jp,Stock Market Investment,$33.23
231,Bradan,Christene,bchristene6e@xing.com,Dental Check-up,$4.75
232,Christan,Pischel,cpischel6f@symantec.com,Mortgage Payment,$9.66
233,Zollie,Ashwin,zashwin6g@spotify.com,Dental Check-up,$11.51
234,Daria,Wofenden,dwofenden6h@mtv.com,Organic Snacks,$24.94
235,Monique,MacClinton,mmacclinton6i@microsoft.com,Online Course Subscription,$25.87
236,Riley,Leather,rleather6j@friendfeed.com,Movie Tickets,$38.60
237,Libby,Langcastle,llangcastle6k@uiuc.edu,Public Transit Pass,$37.38
238,Bella,Wharfe,bwharfe6l@1und1.de,Meat and Poultry,$18.53
239,Augustina,Doxsey,adoxsey6m@barnesandnoble.com,Internet Service,$10.10
240,Tiler,Danks,tdanks6n@springer.com,Life Insurance Premium,$7.90
241,Lucho,Medgewick,lmedgewick6o@usatoday.com,Dental Check-up,$9.75
242,Finn,Van den Velde,fvandenvelde6p@acquirethisname.com,Gym Membership,$13.80
243,Stormi,Pauling,spauling6q@weibo.com,Gasoline,$1.87
244,Ax,Antuoni,aantuoni6r@disqus.com,Electricity Bill,$23.75
245,Perren,Martygin,pmartygin6s@facebook.com,Gym Membership,$20.03
246,Hilary,Rigge,hrigge6t@godaddy.com,Electricity Bill,$15.12
247,Muffin,Coppenhall,mcoppenhall6u@mtv.com,Gym Membership,$12.36
248,Quinn,Mays,qmays6v@loc.gov,Home Repairs,$19.07
249,Bondon,Henke,bhenke6w@constantcontact.com,Retirement Account Contribution,$37.83
250,Gordan,Rudolfer,grudolfer6x@goo.gl,Bicycle Maintenance,$30.75
251,Oliy,Buncher,obuncher6y@cnbc.com,Meat and Poultry,$18.80
252,Hugo,Whittenbury,hwhittenbury6z@shutterfly.com,Mortgage Payment,$3.34
253,Shanie,Belison,sbelison70@indiegogo.com,Public Transit Pass,$27.81
254,Lyell,Sabathier,lsabathier71@cloudflare.com,Home Repairs,$4.84
255,Nanny,Ellingham,nellingham72@wikimedia.org,Prescription Medication,$10.07
256,Billy,Molen,bmolen73@hao123.com,Bicycle Maintenance,$30.43
257,Rianon,Windross,rwindross74@foxnews.com,Textbooks,$2.48
258,Gar,Binstead,gbinstead75@alexa.com,Gasoline,$30.92
259,Miltie,Hubach,mhubach76@aol.com,Online Course Subscription,$19.29
260,Reinold,Standbrook,rstandbrook77@vkontakte.ru,Mortgage Payment,$7.42
261,Domenic,Scrivens,dscrivens78@economist.com,Meat and Poultry,$3.42
262,Constancia,Czaja,cczaja79@boston.com,Fresh Produce,$35.97
263,Nikki,Chandlar,nchandlar7a@weather.com,Public Transit Pass,$8.55
264,Owen,Smaridge,osmaridge7b@si.edu,Online Course Subscription,$33.13
265,Gauthier,Brandi,gbrandi7c@nydailynews.com,Mortgage Payment,$10.26
266,Berte,Woollard,bwoollard7d@studiopress.com,Gym Membership,$2.39
267,Yolanthe,Hamblen,yhamblen7e@nature.com,Gym Membership,$9.29
268,Ulrica,Duckers,uduckers7f@live.com,Stock Market Investment,$1.66
269,Juline,Gilsthorpe,jgilsthorpe7g@cbc.ca,Prescription Medication,$8.26
270,Krystyna,Neely,kneely7h@w3.org,Stock Market Investment,$8.23
271,Freddy,Tanman,ftanman7i@facebook.com,Organic Snacks,$29.21
272,Jasmine,Dienes,jdienes7j@cnn.com,Public Transit Pass,$22.17
273,Pavlov,Fancet,pfancet7k@com.com,Auto Insurance Renewal,$18.46
274,Addie,Gauge,agauge7l@acquirethisname.com,Stock Market Investment,$5.82
275,Diane,Oblein,doblein7m@ning.com,Stock Market Investment,$36.07
276,Margalit,Tetford,mtetford7n@squidoo.com,Home Repairs,$7.84
277,Sigrid,Tookey,stookey7o@ftc.gov,Life Insurance Premium,$23.49
278,Marta,Massinger,mmassinger7p@geocities.com,Public Transit Pass,$1.81
279,Reena,Boyall,rboyall7q@behance.net,Mortgage Payment,$9.05
280,Valentine,Zannini,vzannini7r@typepad.com,Stock Market Investment,$23.51
281,Ginni,Habron,ghabron7s@devhub.com,Internet Service,$14.20
282,Catherine,Smewin,csmewin7t@who.int,Bicycle Maintenance,$23.19
283,Heda,Parnell,hparnell7u@miibeian.gov.cn,Textbooks,$11.09
284,Dasi,Roake,droake7v@infoseek.co.jp,Meat and Poultry,$4.06
285,Babb,Gloster,bgloster7w@people.com.cn,Textbooks,$25.72
286,Chrisy,Coleridge,ccoleridge7x@yellowpages.com,Prescription Medication,$22.22
287,Dimitri,Senior,dsenior7y@mtv.com,Stock Market Investment,$25.81
288,Yves,Crumly,ycrumly7z@mozilla.org,Auto Insurance Renewal,$29.45
289,Seward,Camplin,scamplin80@hatena.ne.jp,Movie Tickets,$13.07
290,Skye,Pankhurst.,spankhurst81@t.co,Mortgage Payment,$39.60
291,Ram,Dulieu,rdulieu82@topsy.com,Gym Membership,$19.48
292,Norina,Hollows,nhollows83@creativecommons.org,Life Insurance Premium,$15.56
293,Emilia,Cramp,ecramp84@networksolutions.com,Internet Service,$38.16
294,Evvie,Spatari,espatari85@blogs.com,Dental Check-up,$3.81
295,Linn,O'Hannen,lohannen86@163.com,Fresh Produce,$13.26
296,Solomon,Mapledoore,smapledoore87@nationalgeographic.com,Bicycle Maintenance,$39.19
297,Aleta,Deller,adeller88@infoseek.co.jp,Dental Check-up,$17.83
298,Jeanie,Le feuvre,jlefeuvre89@wufoo.com,Internet Service,$3.18
299,Noak,Fresson,nfresson8a@noaa.gov,Home Repairs,$32.35
300,Bethina,Meeus,bmeeus8b@shutterfly.com,Public Transit Pass,$26.26
301,Elvina,Hedworth,ehedworth8c@odnoklassniki.ru,Dental Check-up,$22.90
302,Dalenna,McCooke,dmccooke8d@deviantart.com,Meat and Poultry,$9.25
303,Abigail,Maylin,amaylin8e@typepad.com,Organic Snacks,$5.35
304,Glory,Simmen,gsimmen8f@parallels.com,Gym Membership,$22.89
305,Verne,Capner,vcapner8g@woothemes.com,Stock Market Investment,$12.87
306,Glenda,Corson,gcorson8h@china.com.cn,Auto Insurance Renewal,$9.99
307,Frans,Piola,fpiola8i@networksolutions.com,Electricity Bill,$13.20
308,Steffane,Ben-Aharon,sbenaharon8j@reddit.com,Life Insurance Premium,$2.73
309,Hill,Huikerby,hhuikerby8k@naver.com,Fresh Produce,$28.02
310,Galven,Alsobrook,galsobrook8l@friendfeed.com,Internet Service,$4.94
311,Noella,Lamyman,nlamyman8m@weebly.com,Movie Tickets,$32.30
312,Diane,Brumfitt,dbrumfitt8n@parallels.com,Retirement Account Contribution,$1.96
313,Annabelle,Follos,afollos8o@purevolume.com,Life Insurance Premium,$6.09
314,Andreana,Acreman,aacreman8p@ed.gov,Auto Insurance Renewal,$1.79
315,Corena,Leveritt,cleveritt8q@free.fr,Online Course Subscription,$29.59
316,Happy,Robben,hrobben8r@nationalgeographic.com,Gym Membership,$23.66
317,Robyn,Andreichik,randreichik8s@chronoengine.com,Internet Service,$26.03
318,Mike,Connal,mconnal8t@weibo.com,Fresh Produce,$32.82
319,Devin,Edrich,dedrich8u@hhs.gov,Gym Membership,$30.20
320,Samantha,Woolf,swoolf8v@amazon.co.jp,Internet Service,$21.68
321,Darrick,Semon,dsemon8w@netscape.com,Life Insurance Premium,$10.96
322,Clio,Rigmond,crigmond8x@google.nl,Life Insurance Premium,$16.64
323,Maureene,Nordass,mnordass8y@nba.com,Gasoline,$21.40
324,Morissa,Paulsen,mpaulsen8z@uol.com.br,Mortgage Payment,$39.27
325,Regan,Belbin,rbelbin90@chicagotribune.com,Home Repairs,$9.62
326,Keith,Livens,klivens91@oakley.com,Auto Insurance Renewal,$17.43
327,Hedda,Chrstine,hchrstine92@pcworld.com,Home Repairs,$34.99
328,Carlotta,Dumphy,cdumphy93@purevolume.com,Retirement Account Contribution,$37.33
329,Moira,Killock,mkillock94@de.vu,Textbooks,$13.08
330,Susanetta,Smidmoor,ssmidmoor95@over-blog.com,Stock Market Investment,$33.97
331,Tudor,Wrinch,twrinch96@list-manage.com,Public Transit Pass,$7.69
332,Heidie,Gipp,hgipp97@instagram.com,Retirement Account Contribution,$36.09
333,Anatollo,Culbert,aculbert98@amazon.co.jp,Stock Market Investment,$25.84
334,Gaby,Reagan,greagan99@umn.edu,Textbooks,$35.65
335,Horatio,Caney,hcaney9a@naver.com,Mortgage Payment,$30.36
336,Thorpe,Greenacre,tgreenacre9b@topsy.com,Online Course Subscription,$16.19
337,Vanni,Skip,vskip9c@house.gov,Organic Snacks,$24.39
338,Mayor,Labarre,mlabarre9d@narod.ru,Online Course Subscription,$23.57
339,Carlita,Ramelet,cramelet9e@bing.com,Stock Market Investment,$2.06
340,Melita,Kingswood,mkingswood9f@walmart.com,Public Transit Pass,$21.20
341,Misty,Bertolaccini,mbertolaccini9g@virginia.edu,Internet Service,$29.46
342,Chiquia,Barzen,cbarzen9h@live.com,Bicycle Maintenance,$20.20
343,Caesar,Pirdy,cpirdy9i@nationalgeographic.com,Home Repairs,$12.55
344,Terza,Dunabie,tdunabie9j@ebay.co.uk,Gym Membership,$12.49
345,Lanny,Mergue,lmergue9k@house.gov,Movie Tickets,$10.08
346,Eleanore,Pre,epre9l@shutterfly.com,Prescription Medication,$8.46
347,Tony,Whimpenny,twhimpenny9m@networkadvertising.org,Retirement Account Contribution,$20.02
348,Bruno,Akrigg,bakrigg9n@miitbeian.gov.cn,Bicycle Maintenance,$6.53
349,Archy,Tangye,atangye9o@storify.com,Gasoline,$33.74
350,Rabbi,Fumagalli,rfumagalli9p@home.pl,Gasoline,$13.30
351,Dolly,Pietri,dpietri9q@ameblo.jp,Prescription Medication,$8.89
352,Rick,Briskey,rbriskey9r@timesonline.co.uk,Life Insurance Premium,$34.38
353,Cherye,Blaylock,cblaylock9s@va.gov,Stock Market Investment,$17.77
354,Jaquelyn,Langdale,jlangdale9t@jimdo.com,Auto Insurance Renewal,$35.96
355,Odette,Lindblom,olindblom9u@fc2.com,Stock Market Investment,$4.15
356,Wain,Elcocks,welcocks9v@eepurl.com,Gym Membership,$4.38
357,Ramona,Brumen,rbrumen9w@joomla.org,Internet Service,$19.59
358,Marilin,Hulse,mhulse9x@xinhuanet.com,Home Repairs,$1.65
359,Lettie,Jakubowski,ljakubowski9y@slate.com,Gasoline,$4.57
360,Stacie,Grafton-Herbert,sgraftonherbert9z@imageshack.us,Life Insurance Premium,$9.53
361,Anson,Gartell,agartella0@lulu.com,Internet Service,$25.84
362,Ashlan,Watmough,awatmougha1@abc.net.au,Electricity Bill,$21.72
363,Delcina,Gregor,dgregora2@qq.com,Bicycle Maintenance,$12.19
364,Aymer,Kilty,akiltya3@netlog.com,Internet Service,$30.90
365,Rafi,Doumer,rdoumera4@vistaprint.com,Life Insurance Premium,$11.76
366,Herbert,Brettelle,hbrettellea5@google.pl,Organic Snacks,$6.00
367,Hendrika,Goatcher,hgoatchera6@wordpress.org,Public Transit Pass,$35.00
368,Bartlet,Featherstonehaugh,bfeatherstonehaugha7@ucoz.ru,Movie Tickets,$32.31
369,Micaela,Pykett,mpyketta8@un.org,Retirement Account Contribution,$6.85
370,Dale,Vidineev,dvidineeva9@comsenz.com,Retirement Account Contribution,$13.29
371,Sharia,Arnoult,sarnoultaa@cocolog-nifty.com,Dental Check-up,$29.70
372,Wylie,Porson,wporsonab@bloglovin.com,Home Repairs,$8.38
373,Star,Kembrey,skembreyac@ovh.net,Prescription Medication,$21.30
374,Cathy,Stenning,cstenningad@topsy.com,Movie Tickets,$39.61
375,Darrick,Garr,dgarrae@toplist.cz,Movie Tickets,$33.34
376,Vere,Widger,vwidgeraf@sogou.com,Public Transit Pass,$5.58
377,Howie,Brownsword,hbrownswordag@posterous.com,Meat and Poultry,$30.74
378,Evangelia,Wiggans,ewiggansah@so-net.ne.jp,Electricity Bill,$12.94
379,Reeta,Banke,rbankeai@over-blog.com,Bicycle Maintenance,$5.35
380,Langston,Bloggett,lbloggettaj@edublogs.org,Fresh Produce,$8.84
381,Tami,Blyth,tblythak@squidoo.com,Dental Check-up,$15.18
382,Rowen,Coopper,rcoopperal@wp.com,Textbooks,$28.69
383,Mill,Billyard,mbillyardam@webmd.com,Stock Market Investment,$36.36
384,Jonas,Jennins,jjenninsan@amazon.co.jp,Auto Insurance Renewal,$14.50
385,Jaime,Jeppe,jjeppeao@soup.io,Mortgage Payment,$21.72
386,Rosene,Ramsell,rramsellap@census.gov,Internet Service,$32.50
387,Murdock,Heningham,mheninghamaq@patch.com,Gasoline,$24.36
388,Nana,Bernetti,nbernettiar@arizona.edu,Retirement Account Contribution,$11.13
389,Donall,Camocke,dcamockeas@epa.gov,Fresh Produce,$16.30
390,Franklin,Holburn,fholburnat@angelfire.com,Mortgage Payment,$8.48
391,Lilas,Boylan,lboylanau@quantcast.com,Internet Service,$29.87
392,Romain,Livesey,rliveseyav@360.cn,Dental Check-up,$11.10
393,Corabelle,Yerson,cyersonaw@symantec.com,Auto Insurance Renewal,$33.86
394,Frazier,Gayne,fgayneax@artisteer.com,Bicycle Maintenance,$12.80
395,Bernelle,Twohig,btwohigay@icio.us,Meat and Poultry,$20.33
396,Toiboid,Whilde,twhildeaz@amazon.co.uk,Gasoline,$35.41
397,Borg,Catlette,bcatletteb0@hatena.ne.jp,Home Repairs,$17.50
398,Andres,Kilbey,akilbeyb1@stanford.edu,Life Insurance Premium,$25.39
399,Nolan,Scathard,nscathardb2@reference.com,Prescription Medication,$9.93
400,Lowe,Seedull,lseedullb3@mysql.com,Movie Tickets,$11.68
401,Ellswerth,Creagh,ecreaghb4@pagesperso-orange.fr,Gasoline,$6.13
402,Lexine,Dome,ldomeb5@cafepress.com,Stock Market Investment,$39.81
403,Harlen,Hedingham,hhedinghamb6@ucla.edu,Public Transit Pass,$21.99
404,Alika,Duthy,aduthyb7@tumblr.com,Auto Insurance Renewal,$39.00
405,Emalee,McDougle,emcdougleb8@archive.org,Organic Snacks,$11.78
406,Emmye,Planque,eplanqueb9@elegantthemes.com,Online Course Subscription,$28.13
407,Marlowe,Chasmer,mchasmerba@google.com.hk,Retirement Account Contribution,$30.89
408,Cyrille,Dollard,cdollardbb@topsy.com,Gasoline,$5.27
409,Ward,Dufaire,wdufairebc@cocolog-nifty.com,Prescription Medication,$28.09
410,Lori,Kwietek,lkwietekbd@indiatimes.com,Organic Snacks,$30.89
411,Garv,Raoul,graoulbe@nasa.gov,Bicycle Maintenance,$36.58
412,Rem,Utting,ruttingbf@umich.edu,Auto Insurance Renewal,$2.12
413,Annamarie,Rutherfoord,arutherfoordbg@tripod.com,Dental Check-up,$12.20
414,Bree,Radborn,bradbornbh@de.vu,Public Transit Pass,$13.59
415,Gaby,Deacock,gdeacockbi@istockphoto.com,Bicycle Maintenance,$39.29
416,Seline,Nobes,snobesbj@ask.com,Auto Insurance Renewal,$26.25
417,Minetta,Gilcrist,mgilcristbk@google.co.jp,Prescription Medication,$10.31
418,Vassily,Bernhardsson,vbernhardssonbl@comsenz.com,Dental Check-up,$28.90
419,Cally,Oxbrow,coxbrowbm@npr.org,Auto Insurance Renewal,$37.08
420,Winslow,Danielovitch,wdanielovitchbn@seattletimes.com,Mortgage Payment,$27.98
421,Alyce,Vernall,avernallbo@aol.com,Stock Market Investment,$26.33
422,Homere,Marchelli,hmarchellibp@parallels.com,Auto Insurance Renewal,$10.75
423,Masha,Brachell,mbrachellbq@surveymonkey.com,Dental Check-up,$30.21
424,Norton,Buckwell,nbuckwellbr@unc.edu,Movie Tickets,$22.64
425,Cullen,Hofler,choflerbs@hostgator.com,Internet Service,$32.66
426,Ewan,Salzberger,esalzbergerbt@yellowpages.com,Fresh Produce,$30.68
427,Osborn,Penhalewick,openhalewickbu@domainmarket.com,Movie Tickets,$21.33
428,Rancell,Dews,rdewsbv@weather.com,Textbooks,$35.05
429,Adeline,Matteotti,amatteottibw@naver.com,Dental Check-up,$24.08
430,Cassi,Tratton,ctrattonbx@hexun.com,Auto Insurance Renewal,$10.96
431,Harlin,Capini,hcapiniby@samsung.com,Electricity Bill,$17.59
432,Pavia,Pasek,ppasekbz@dedecms.com,Stock Market Investment,$17.48
433,Tracy,Izhaky,tizhakyc0@cdbaby.com,Public Transit Pass,$5.01
434,Fancie,Kleanthous,fkleanthousc1@altervista.org,Organic Snacks,$25.78
435,Shem,Hallagan,shallaganc2@springer.com,Gasoline,$37.29
436,Stevena,Benning,sbenningc3@noaa.gov,Mortgage Payment,$5.94
437,Roosevelt,Kermannes,rkermannesc4@youtube.com,Textbooks,$11.45
438,Marmaduke,Jeroch,mjerochc5@themeforest.net,Mortgage Payment,$26.54
439,Mariann,Sterry,msterryc6@biblegateway.com,Bicycle Maintenance,$36.74
440,Margret,Le Lievre,mlelievrec7@ifeng.com,Mortgage Payment,$31.28
441,Bendicty,Bispham,bbisphamc8@1688.com,Dental Check-up,$18.85
442,Ellette,Watters,ewattersc9@cdbaby.com,Mortgage Payment,$27.24
443,Marcos,Georgius,mgeorgiusca@businessinsider.com,Home Repairs,$21.33
444,Jone,Soggee,jsoggeecb@walmart.com,Movie Tickets,$29.29
445,Amandy,Woodfine,awoodfinecc@studiopress.com,Retirement Account Contribution,$8.95
446,Sharon,McQuie,smcquiecd@fastcompany.com,Textbooks,$2.97
447,Morgen,Briance,mbriancece@loc.gov,Gym Membership,$30.11
448,Reeba,Ingrey,ringreycf@abc.net.au,Auto Insurance Renewal,$2.74
449,Mordecai,Hounsham,mhounshamcg@samsung.com,Online Course Subscription,$23.36
450,Allard,Cooke,acookech@squarespace.com,Internet Service,$19.29
451,Arin,Oxterby,aoxterbyci@bluehost.com,Online Course Subscription,$11.23
452,Flora,Skehens,fskehenscj@github.com,Meat and Poultry,$7.73
453,Kaylil,Spedroni,kspedronick@gizmodo.com,Stock Market Investment,$35.08
454,Margit,Tripony,mtriponycl@blogtalkradio.com,Dental Check-up,$39.78
455,Odele,Juggins,ojugginscm@eepurl.com,Textbooks,$27.02
456,Joellyn,Ashpital,jashpitalcn@opensource.org,Retirement Account Contribution,$5.19
457,Hermann,Nassi,hnassico@europa.eu,Electricity Bill,$27.39
458,Chandler,Currao,ccurraocp@google.com,Prescription Medication,$29.25
459,Jordon,Ritzman,jritzmancq@answers.com,Stock Market Investment,$28.33
460,Georgeanne,Argile,gargilecr@yelp.com,Prescription Medication,$27.08
461,Magdalen,Delue,mdeluecs@wordpress.org,Retirement Account Contribution,$17.20
462,Chalmers,Jollye,cjollyect@godaddy.com,Public Transit Pass,$22.84
463,Helene,Swanbourne,hswanbournecu@prnewswire.com,Life Insurance Premium,$22.96
464,Mac,Boyce,mboycecv@myspace.com,Retirement Account Contribution,$3.42
465,Erda,Shafto,eshaftocw@nytimes.com,Dental Check-up,$25.52
466,Chev,Costelow,ccostelowcx@kickstarter.com,Movie Tickets,$13.89
467,Di,Sigge,dsiggecy@time.com,Movie Tickets,$21.33
468,Katha,Caccavale,kcaccavalecz@newsvine.com,Electricity Bill,$5.06
469,Katerina,McRonald,kmcronaldd0@forbes.com,Dental Check-up,$3.51
470,Thelma,Golling,tgollingd1@theatlantic.com,Mortgage Payment,$35.21
471,Ferdy,Mallinson,fmallinsond2@ustream.tv,Organic Snacks,$37.53
472,Farris,Zouch,fzouchd3@bing.com,Gasoline,$32.89
473,Bird,Woltering,bwolteringd4@amazon.co.uk,Prescription Medication,$18.20
474,Elaine,Spoole,espooled5@yelp.com,Auto Insurance Renewal,$16.85
475,Julienne,Teape,jteaped6@noaa.gov,Internet Service,$33.34
476,Dalton,Shreeves,dshreevesd7@qq.com,Mortgage Payment,$26.62
477,Margret,Witson,mwitsond8@intel.com,Textbooks,$27.57
478,Shirlee,Bourgourd,sbourgourdd9@technorati.com,Movie Tickets,$15.44
479,Valida,Giacomini,vgiacominida@multiply.com,Electricity Bill,$15.11
480,Frazier,Ropkes,fropkesdb@bloglovin.com,Gym Membership,$17.60
481,Ollie,Caldero,ocalderodc@dailymotion.com,Movie Tickets,$9.76
482,Der,McKinlay,dmckinlaydd@cornell.edu,Life Insurance Premium,$2.07
483,Lula,Fry,lfryde@xing.com,Dental Check-up,$32.17
484,Granger,Huckel,ghuckeldf@buzzfeed.com,Electricity Bill,$20.09
485,Sterling,Vaggs,svaggsdg@illinois.edu,Bicycle Maintenance,$25.70
486,Alfredo,Antonescu,aantonescudh@nasa.gov,Bicycle Maintenance,$28.28
487,Terri-jo,Pickworth,tpickworthdi@howstuffworks.com,Retirement Account Contribution,$18.88
488,Torrie,Copo,tcopodj@ifeng.com,Stock Market Investment,$27.84
489,Edgardo,Khosa,ekhosadk@plala.or.jp,Movie Tickets,$34.32
490,Vivianne,Hairsnape,vhairsnapedl@ameblo.jp,Mortgage Payment,$23.65
491,Harwell,Gianasi,hgianasidm@constantcontact.com,Gym Membership,$35.82
492,Roanne,Schwandt,rschwandtdn@yale.edu,Stock Market Investment,$2.84
493,Bonnee,Tollmache,btollmachedo@posterous.com,Mortgage Payment,$15.06
494,Audrye,Crambie,acrambiedp@google.com,Prescription Medication,$14.54
495,Dee dee,Grazier,dgrazierdq@senate.gov,Home Repairs,$14.96
496,Marga,Woolatt,mwoolattdr@networksolutions.com,Gasoline,$25.41
497,Damian,Margaritelli,dmargaritellids@loc.gov,Internet Service,$5.61
498,Ellery,Everix,eeverixdt@4shared.com,Retirement Account Contribution,$39.13
499,Christophe,Biglin,cbiglindu@theguardian.com,Internet Service,$15.69
500,Tanya,Pillinger,tpillingerdv@amazon.co.uk,Prescription Medication,$38.80
501,El,Innes,einnesdw@simplemachines.org,Dental Check-up,$1.21
502,Chanda,MacMarcuis,cmacmarcuisdx@dailymail.co.uk,Meat and Poultry,$20.64
503,Bride,Vardey,bvardeydy@rakuten.co.jp,Organic Snacks,$9.53
504,Hermione,Kither,hkitherdz@canalblog.com,Home Repairs,$32.31
505,Alvan,Lemmen,alemmene0@sohu.com,Meat and Poultry,$32.80
506,Granny,Danihelka,gdanihelkae1@imdb.com,Online Course Subscription,$5.16
507,Antonietta,Greville,agrevillee2@buzzfeed.com,Online Course Subscription,$31.55
508,Emlyn,Beeckx,ebeeckxe3@lycos.com,Internet Service,$37.16
509,Shirley,Shepherdson,sshepherdsone4@apache.org,Online Course Subscription,$28.78
510,Marcy,Samples,msamplese5@sphinn.com,Movie Tickets,$3.56
511,Alfonse,O'Mailey,aomaileye6@amazonaws.com,Movie Tickets,$24.49
512,Rhianna,Steel,rsteele7@marketwatch.com,Retirement Account Contribution,$7.75
513,Evy,Di Domenico,edidomenicoe8@jimdo.com,Fresh Produce,$21.35
514,Bourke,Wallen,bwallene9@bloglines.com,Public Transit Pass,$18.00
515,Wendeline,Leil,wleilea@nationalgeographic.com,Bicycle Maintenance,$29.66
516,Penrod,Connealy,pconnealyeb@theguardian.com,Movie Tickets,$20.54
517,Eileen,Woolforde,ewoolfordeec@wikia.com,Mortgage Payment,$28.78
518,Cordey,Heggs,cheggsed@myspace.com,Textbooks,$7.46
519,Lewiss,Grigoryev,lgrigoryevee@xing.com,Retirement Account Contribution,$23.18
520,Allistir,MacNeilley,amacneilleyef@barnesandnoble.com,Gasoline,$2.79
521,Daryn,Basnall,dbasnalleg@miitbeian.gov.cn,Meat and Poultry,$6.27
522,Johnny,Filippov,jfilippoveh@about.me,Dental Check-up,$35.42
523,Laurice,Beales,lbealesei@so-net.ne.jp,Retirement Account Contribution,$21.40
524,Kendall,Thripp,kthrippej@jigsy.com,Retirement Account Contribution,$37.64
525,Sheppard,McCreath,smccreathek@stanford.edu,Meat and Poultry,$25.72
526,Imogen,Hartgill,ihartgillel@booking.com,Prescription Medication,$15.57
527,Jan,Toohey,jtooheyem@linkedin.com,Meat and Poultry,$5.37
528,Junia,Lownds,jlowndsen@slate.com,Mortgage Payment,$10.25
529,Abbey,Filyushkin,afilyushkineo@reuters.com,Movie Tickets,$7.37
530,Cherise,Crosdill,ccrosdillep@guardian.co.uk,Home Repairs,$24.09
531,Yancy,Shorland,yshorlandeq@list-manage.com,Online Course Subscription,$6.53
532,Cal,Domniney,cdomnineyer@elegantthemes.com,Retirement Account Contribution,$38.51
533,Alexei,Selborne,aselbornees@hatena.ne.jp,Auto Insurance Renewal,$37.33
534,Carline,Mandel,cmandelet@wix.com,Stock Market Investment,$1.80
535,Willow,Stripp,wstrippeu@tmall.com,Movie Tickets,$12.60
536,Ashlin,Gorman,agormanev@wired.com,Auto Insurance Renewal,$36.69
537,Beryle,Skipp,bskippew@economist.com,Electricity Bill,$15.59
538,Fred,Linning,flinningex@blog.com,Dental Check-up,$35.43
539,Derry,Nesterov,dnesterovey@nasa.gov,Prescription Medication,$3.88
540,Vera,Kirstein,vkirsteinez@sina.com.cn,Online Course Subscription,$14.28
541,Crichton,Ramsby,cramsbyf0@symantec.com,Auto Insurance Renewal,$23.86
542,Demetri,Lowten,dlowtenf1@noaa.gov,Meat and Poultry,$35.12
543,Dallas,Swinley,dswinleyf2@vinaora.com,Textbooks,$35.48
544,Maris,Sheerin,msheerinf3@360.cn,Auto Insurance Renewal,$1.88
545,Marlo,Bonafant,mbonafantf4@bizjournals.com,Stock Market Investment,$37.12
546,Gawain,Beadnall,gbeadnallf5@de.vu,Gym Membership,$17.21
547,Mirella,Rivilis,mrivilisf6@elpais.com,Movie Tickets,$21.90
548,Federica,Joannet,fjoannetf7@gov.uk,Bicycle Maintenance,$17.86
549,Jessee,Spraberry,jspraberryf8@timesonline.co.uk,Retirement Account Contribution,$13.21
550,Tonia,Applewhite,tapplewhitef9@gov.uk,Fresh Produce,$16.94
551,Parker,Greenhall,pgreenhallfa@nifty.com,Retirement Account Contribution,$22.25
552,Lola,Piccop,lpiccopfb@washington.edu,Gym Membership,$34.76
553,Arney,Sarten,asartenfc@mayoclinic.com,Internet Service,$2.78
554,Isador,Learoyde,ilearoydefd@hhs.gov,Gym Membership,$23.73
555,Vasily,Happs,vhappsfe@harvard.edu,Online Course Subscription,$30.90
556,Chet,Tame,ctameff@engadget.com,Gasoline,$13.32
557,Sammy,Silcocks,ssilcocksfg@squarespace.com,Gasoline,$14.36
558,Ailey,Swatman,aswatmanfh@weebly.com,Internet Service,$30.43
559,Derril,Silley,dsilleyfi@miitbeian.gov.cn,Retirement Account Contribution,$27.05
560,Zea,Hoodlass,zhoodlassfj@theatlantic.com,Fresh Produce,$18.67
561,Hailee,Dufton,hduftonfk@loc.gov,Public Transit Pass,$9.84
562,Ethyl,Tidmas,etidmasfl@hp.com,Bicycle Maintenance,$28.75
563,Frasier,Beaument,fbeaumentfm@utexas.edu,Fresh Produce,$10.82
564,Jerrome,Wardel,jwardelfn@yellowpages.com,Textbooks,$24.74
565,Muhammad,Belt,mbeltfo@webnode.com,Dental Check-up,$2.46
566,Mildrid,Richardson,mrichardsonfp@jiathis.com,Life Insurance Premium,$34.25
567,Tonie,Van Dale,tvandalefq@angelfire.com,Mortgage Payment,$5.04
568,Ronald,Gypson,rgypsonfr@imageshack.us,Prescription Medication,$7.63
569,Darcy,Bohl,dbohlfs@prlog.org,Fresh Produce,$23.94
570,Lou,Belamy,lbelamyft@elpais.com,Stock Market Investment,$10.81
571,Sephira,Carnachen,scarnachenfu@instagram.com,Bicycle Maintenance,$37.26
572,Jacques,Roullier,jroullierfv@whitehouse.gov,Organic Snacks,$19.08
573,Kaila,Bewick,kbewickfw@washington.edu,Internet Service,$7.71
574,Starlene,Moakes,smoakesfx@csmonitor.com,Online Course Subscription,$33.55
575,Amalia,Brownjohn,abrownjohnfy@bigcartel.com,Textbooks,$4.62
576,Christoph,Peinke,cpeinkefz@pen.io,Public Transit Pass,$19.58
577,Nealson,MacNeish,nmacneishg0@usda.gov,Retirement Account Contribution,$34.42
578,Benson,Kingsford,bkingsfordg1@com.com,Stock Market Investment,$7.44
579,Dania,Sanger,dsangerg2@lulu.com,Textbooks,$7.28
580,Sandor,Toner,stonerg3@wix.com,Fresh Produce,$38.83
581,Ilyssa,Swann,iswanng4@rambler.ru,Prescription Medication,$1.43
582,Liane,Jiranek,ljiranekg5@github.io,Auto Insurance Renewal,$1.20
583,Margit,Di Carli,mdicarlig6@google.ru,Dental Check-up,$21.57
584,Perkin,Smeeth,psmeethg7@dailymail.co.uk,Organic Snacks,$18.29
585,Robert,Ivanenko,rivanenkog8@gmpg.org,Electricity Bill,$37.90
586,Morganne,Beatson,mbeatsong9@intel.com,Gym Membership,$19.74
587,Tomas,McTeggart,tmcteggartga@va.gov,Mortgage Payment,$6.87
588,Sayer,Gowthorpe,sgowthorpegb@tumblr.com,Bicycle Maintenance,$36.99
589,Cassy,Gooch,cgoochgc@free.fr,Bicycle Maintenance,$9.54
590,Philbert,Pierucci,ppieruccigd@sfgate.com,Mortgage Payment,$31.85
591,Fernande,Gallamore,fgallamorege@list-manage.com,Electricity Bill,$15.02
592,Cayla,Rands,crandsgf@ucoz.ru,Dental Check-up,$20.82
593,Darbee,Hubball,dhubballgg@rambler.ru,Organic Snacks,$7.62
594,Chevy,Morena,cmorenagh@goo.ne.jp,Prescription Medication,$6.73
595,Beverlie,Darbon,bdarbongi@xinhuanet.com,Movie Tickets,$21.49
596,Hashim,Curd,hcurdgj@altervista.org,Prescription Medication,$32.64
597,Arni,Gerretsen,agerretsengk@businessweek.com,Retirement Account Contribution,$14.58
598,Ulrica,Pinnigar,upinnigargl@tripadvisor.com,Organic Snacks,$38.74
599,Kacey,Titlow,ktitlowgm@uiuc.edu,Electricity Bill,$31.67
600,Katya,LAbbet,klabbetgn@liveinternet.ru,Bicycle Maintenance,$27.78
601,Earvin,Stannah,estannahgo@sciencedirect.com,Home Repairs,$1.72
602,Clevey,Cicchitello,ccicchitellogp@blinklist.com,Prescription Medication,$19.95
603,Desdemona,Edon,dedongq@oaic.gov.au,Movie Tickets,$4.94
604,Thane,Rudge,trudgegr@hugedomains.com,Electricity Bill,$18.71
605,Ainsley,Kift,akiftgs@ifeng.com,Movie Tickets,$29.53
606,Trixie,Kenna,tkennagt@mozilla.com,Auto Insurance Renewal,$9.92
607,Elisha,Reddecliffe,ereddecliffegu@bravesites.com,Textbooks,$27.24
608,Fidela,Jewis,fjewisgv@plala.or.jp,Retirement Account Contribution,$28.76
609,Berne,Harrald,bharraldgw@jalbum.net,Internet Service,$19.10
610,Shelia,Hynam,shynamgx@comcast.net,Textbooks,$27.75
611,Uri,Choules,uchoulesgy@google.it,Life Insurance Premium,$18.68
612,Lizette,Schwant,lschwantgz@lycos.com,Home Repairs,$24.22
613,Alene,Dooler,adoolerh0@netscape.com,Internet Service,$24.65
614,Lauren,Lydon,llydonh1@boston.com,Home Repairs,$30.72
615,Kelley,Lefridge,klefridgeh2@ibm.com,Online Course Subscription,$33.24
616,Natty,De Normanville,ndenormanvilleh3@sfgate.com,Dental Check-up,$21.30
617,Aleece,Culter,aculterh4@bloglovin.com,Textbooks,$3.86
618,Cletus,Midlane,cmidlaneh5@is.gd,Prescription Medication,$27.74
619,Paxton,Keilloh,pkeillohh6@prweb.com,Online Course Subscription,$12.70
620,Alan,Tale,ataleh7@ovh.net,Meat and Poultry,$39.20
621,Pete,Gallifont,pgallifonth8@theglobeandmail.com,Stock Market Investment,$26.71
622,Malachi,Ellsom,mellsomh9@purevolume.com,Gym Membership,$10.41
623,Merrie,Antosik,mantosikha@bloglines.com,Internet Service,$9.12
624,Valentine,Martinson,vmartinsonhb@ustream.tv,Mortgage Payment,$26.05
625,Terrence,MacAnulty,tmacanultyhc@surveymonkey.com,Electricity Bill,$33.31
626,Park,Gibb,pgibbhd@eepurl.com,Life Insurance Premium,$1.26
627,Ben,Gethen,bgethenhe@ucoz.ru,Home Repairs,$12.86
628,Heida,Lindup,hlinduphf@sogou.com,Dental Check-up,$28.09
629,Bartolomeo,Totman,btotmanhg@blinklist.com,Gym Membership,$20.69
630,Rabbi,Siviour,rsiviourhh@ifeng.com,Home Repairs,$2.19
631,Marvin,Luna,mlunahi@biglobe.ne.jp,Meat and Poultry,$4.48
632,Bambi,Hollyer,bhollyerhj@ibm.com,Retirement Account Contribution,$13.41
633,Ross,Loidl,rloidlhk@cloudflare.com,Stock Market Investment,$30.65
634,Marianna,Beavington,mbeavingtonhl@china.com.cn,Stock Market Investment,$29.33
635,Farleigh,Sleet,fsleethm@constantcontact.com,Fresh Produce,$10.57
636,Ruperta,Barrow,rbarrowhn@dailymotion.com,Prescription Medication,$27.13
637,Alisander,Atchly,aatchlyho@usgs.gov,Life Insurance Premium,$2.55
638,Normie,Roloff,nroloffhp@1und1.de,Home Repairs,$15.72
639,Denny,Alves,dalveshq@wordpress.com,Mortgage Payment,$7.63
640,Kiley,Aggiss,kaggisshr@vkontakte.ru,Home Repairs,$21.02
641,Filmer,Corbyn,fcorbynhs@vistaprint.com,Textbooks,$28.00
642,Felipe,Vigus,fvigusht@cornell.edu,Fresh Produce,$16.28
643,Clair,Brome,cbromehu@huffingtonpost.com,Electricity Bill,$13.52
644,Dorine,Maxted,dmaxtedhv@facebook.com,Stock Market Investment,$30.93
645,Garth,Westhead,gwestheadhw@cargocollective.com,Internet Service,$10.78
646,Georgeanne,Axelbey,gaxelbeyhx@nba.com,Fresh Produce,$26.88
647,Lea,Savary,lsavaryhy@mapy.cz,Retirement Account Contribution,$10.64
648,Jacinda,de Courcy,jdecourcyhz@hatena.ne.jp,Electricity Bill,$20.45
649,Elly,Rowbotham,erowbothami0@yahoo.com,Gym Membership,$35.31
650,Daisie,Pavlenko,dpavlenkoi1@furl.net,Stock Market Investment,$16.38
651,Brander,Rollins,brollinsi2@cbslocal.com,Dental Check-up,$25.35
652,Gerladina,Slisby,gslisbyi3@who.int,Home Repairs,$14.30
653,Maribel,Jados,mjadosi4@indiegogo.com,Life Insurance Premium,$26.94
654,Aksel,Bedminster,abedminsteri5@ox.ac.uk,Organic Snacks,$22.70
655,Janenna,Racher,jracheri6@amazon.co.uk,Gasoline,$32.90
656,Melanie,Stodit,mstoditi7@istockphoto.com,Textbooks,$2.42
657,Kristo,Bryning,kbryningi8@craigslist.org,Public Transit Pass,$23.79
658,Danyelle,Varley,dvarleyi9@businesswire.com,Public Transit Pass,$14.76
659,Lorrie,Tuting,ltutingia@alibaba.com,Mortgage Payment,$11.41
660,Kellby,McIlhagga,kmcilhaggaib@statcounter.com,Bicycle Maintenance,$16.59
661,Amie,Lovering,aloveringic@instagram.com,Electricity Bill,$17.54
662,Katalin,Haldenby,khaldenbyid@photobucket.com,Gasoline,$29.57
663,Dore,Booth,dboothie@i2i.jp,Dental Check-up,$2.64
664,Prisca,Fleet,pfleetif@mayoclinic.com,Online Course Subscription,$8.23
665,Aloysia,Mulcahy,amulcahyig@hubpages.com,Online Course Subscription,$30.26
666,Revkah,Ferreli,rferreliih@barnesandnoble.com,Textbooks,$6.15
667,Rosana,Arboin,rarboinii@barnesandnoble.com,Internet Service,$21.14
668,Demetris,Raphael,draphaelij@dmoz.org,Auto Insurance Renewal,$24.26
669,Dugald,Caustic,dcausticik@walmart.com,Prescription Medication,$12.15
670,Lorettalorna,Brient,lbrientil@huffingtonpost.com,Textbooks,$1.89
671,Jackson,Posen,jposenim@google.com.hk,Auto Insurance Renewal,$32.65
672,Boothe,Kimblin,bkimblinin@ft.com,Public Transit Pass,$23.54
673,Marlon,Fairs,mfairsio@biglobe.ne.jp,Mortgage Payment,$36.55
674,Rhodia,Lambole,rlamboleip@princeton.edu,Organic Snacks,$18.85
675,Hannie,Teck,hteckiq@oracle.com,Gasoline,$39.93
676,Jamill,Simeoli,jsimeoliir@washingtonpost.com,Stock Market Investment,$17.07
677,Nevins,Santo,nsantois@umich.edu,Home Repairs,$28.45
678,Egbert,Ellum,eellumit@tinyurl.com,Gym Membership,$39.91
679,Vaughan,Higbin,vhigbiniu@imgur.com,Prescription Medication,$20.56
680,Jodi,Cashen,jcasheniv@exblog.jp,Electricity Bill,$38.52
681,Tobie,Larchier,tlarchieriw@vistaprint.com,Electricity Bill,$19.59
682,Riva,Merrgen,rmerrgenix@hc360.com,Electricity Bill,$7.89
683,Ryan,Groves,rgrovesiy@histats.com,Textbooks,$33.96
684,Sheilah,Nancarrow,snancarrowiz@usatoday.com,Organic Snacks,$1.49
685,Carma,Mewes,cmewesj0@blinklist.com,Fresh Produce,$2.24
686,Tremayne,Molian,tmolianj1@vkontakte.ru,Mortgage Payment,$2.25
687,Adrian,Fitchell,afitchellj2@php.net,Fresh Produce,$24.16
688,Cristen,Burwell,cburwellj3@umn.edu,Textbooks,$16.26
689,Elmer,O'Sheilds,eosheildsj4@theglobeandmail.com,Organic Snacks,$25.63
690,Cyb,McGeachy,cmcgeachyj5@cmu.edu,Fresh Produce,$12.72
691,Sayers,Ghilardini,sghilardinij6@hhs.gov,Public Transit Pass,$36.82
692,Hans,Di Baudi,hdibaudij7@cpanel.net,Internet Service,$12.36
693,Leshia,Knotte,lknottej8@qq.com,Home Repairs,$36.19
694,Kathlin,McGrirl,kmcgrirlj9@nifty.com,Gym Membership,$14.49
695,Vivie,Lenton,vlentonja@dropbox.com,Mortgage Payment,$21.46
696,Cris,Crickmore,ccrickmorejb@sogou.com,Internet Service,$21.20
697,Chuck,Trappe,ctrappejc@jigsy.com,Bicycle Maintenance,$13.07
698,Dyane,Creak,dcreakjd@themeforest.net,Textbooks,$29.38
699,Florance,Crafter,fcrafterje@issuu.com,Retirement Account Contribution,$3.24
700,Tad,Hards,thardsjf@usnews.com,Fresh Produce,$28.24
701,Wrennie,Gawkes,wgawkesjg@springer.com,Bicycle Maintenance,$35.66
702,Field,MacCawley,fmaccawleyjh@soundcloud.com,Dental Check-up,$20.72
703,Luelle,McPherson,lmcphersonji@umn.edu,Mortgage Payment,$28.69
704,Hubey,Daykin,hdaykinjj@slashdot.org,Auto Insurance Renewal,$28.37
705,Sammy,Eilhermann,seilhermannjk@elpais.com,Auto Insurance Renewal,$17.61
706,Libbey,Elphey,lelpheyjl@tinypic.com,Life Insurance Premium,$3.67
707,Reynard,Trask,rtraskjm@theglobeandmail.com,Dental Check-up,$26.36
708,Midge,Englishby,menglishbyjn@paginegialle.it,Textbooks,$17.26
709,Catlaina,Llorens,cllorensjo@ft.com,Textbooks,$11.05
710,Kora,Paradine,kparadinejp@archive.org,Movie Tickets,$33.39
711,Domeniga,Thatcher,dthatcherjq@instagram.com,Textbooks,$28.99
712,Shandra,Dufty,sduftyjr@digg.com,Gasoline,$5.44
713,Bryan,Planke,bplankejs@friendfeed.com,Life Insurance Premium,$20.09
714,Aube,Hamblen,ahamblenjt@mit.edu,Mortgage Payment,$8.34
715,Thacher,Van Weedenburg,tvanweedenburgju@disqus.com,Stock Market Investment,$12.97
716,Chance,Pride,cpridejv@qq.com,Stock Market Investment,$2.99
717,Abba,Nathan,anathanjw@mlb.com,Life Insurance Premium,$10.01
718,Glenn,Borgesio,gborgesiojx@ow.ly,Retirement Account Contribution,$12.30
719,Modestia,Alfonso,malfonsojy@loc.gov,Home Repairs,$6.60
720,Morlee,Lindup,mlindupjz@xing.com,Stock Market Investment,$9.44
721,Sherie,Lindell,slindellk0@soundcloud.com,Bicycle Maintenance,$33.86
722,Tabby,Danilowicz,tdanilowiczk1@globo.com,Mortgage Payment,$25.17
723,Tripp,Braney,tbraneyk2@npr.org,Home Repairs,$31.27
724,Liesa,Cavaney,lcavaneyk3@yelp.com,Mortgage Payment,$24.12
725,Roldan,Shuard,rshuardk4@wufoo.com,Organic Snacks,$8.98
726,Rolfe,Cathcart,rcathcartk5@cornell.edu,Internet Service,$36.89
727,Krista,Perche,kperchek6@opera.com,Internet Service,$30.94
728,Wheeler,Charpling,wcharplingk7@delicious.com,Auto Insurance Renewal,$13.90
729,Kristin,Lampaert,klampaertk8@wikimedia.org,Textbooks,$13.20
730,Alyss,Tooke,atookek9@unblog.fr,Dental Check-up,$18.90
731,Ki,Mullinder,kmullinderka@prlog.org,Electricity Bill,$38.30
732,Myrta,Maber,mmaberkb@mozilla.com,Home Repairs,$34.76
733,Denys,Neal,dnealkc@engadget.com,Electricity Bill,$30.44
734,Ezmeralda,Golagley,egolagleykd@yahoo.co.jp,Movie Tickets,$14.81
735,Sashenka,Cracie,scracieke@netvibes.com,Organic Snacks,$26.03
736,Abigael,Grinham,agrinhamkf@php.net,Prescription Medication,$30.15
737,Anna,Placide,aplacidekg@jimdo.com,Stock Market Investment,$10.06
738,Dori,Navan,dnavankh@scribd.com,Organic Snacks,$32.75
739,Reade,McFaell,rmcfaellki@yolasite.com,Internet Service,$17.61
740,Reagan,Rowter,rrowterkj@yahoo.co.jp,Mortgage Payment,$1.56
741,Rustin,Secombe,rsecombekk@tripadvisor.com,Gasoline,$36.76
742,Doralia,Lambert,dlambertkl@alexa.com,Textbooks,$5.35
743,Garner,Sage,gsagekm@about.me,Movie Tickets,$15.98
744,Clarinda,Fernier,cfernierkn@earthlink.net,Electricity Bill,$34.93
745,Jan,Dunkerley,jdunkerleyko@prnewswire.com,Fresh Produce,$33.94
746,Ainslee,Bridger,abridgerkp@archive.org,Retirement Account Contribution,$2.70
747,Olenka,Savile,osavilekq@google.com,Organic Snacks,$16.05
748,Karalee,Kupisz,kkupiszkr@furl.net,Textbooks,$2.54
749,Rip,Gethin,rgethinks@over-blog.com,Retirement Account Contribution,$12.45
750,Ernst,Sausman,esausmankt@wordpress.org,Home Repairs,$5.66
751,Lilly,Nornasell,lnornasellku@spiegel.de,Prescription Medication,$9.04
752,August,Kilmartin,akilmartinkv@foxnews.com,Life Insurance Premium,$33.17
753,Sibylla,Wooffitt,swooffittkw@chronoengine.com,Fresh Produce,$37.33
754,Murvyn,Lymbourne,mlymbournekx@census.gov,Bicycle Maintenance,$25.10
755,Fredi,Carrol,fcarrolky@g.co,Auto Insurance Renewal,$15.46
756,Lisbeth,Chesnut,lchesnutkz@un.org,Textbooks,$26.39
757,Gilles,Dedney,gdedneyl0@ca.gov,Home Repairs,$27.54
758,Tory,Booth,tboothl1@homestead.com,Stock Market Investment,$30.27
759,Lynette,Oakes,loakesl2@arizona.edu,Internet Service,$9.53
760,Humfrid,Caslin,hcaslinl3@networkadvertising.org,Stock Market Investment,$12.02
761,Hubert,Stitch,hstitchl4@senate.gov,Gym Membership,$19.63
762,Parker,Franiak,pfraniakl5@skyrock.com,Prescription Medication,$24.28
763,Orton,Rawling,orawlingl6@homestead.com,Gym Membership,$14.61
764,Debor,Winthrop,dwinthropl7@blogger.com,Textbooks,$6.18
765,Harriot,Vousden,hvousdenl8@nydailynews.com,Home Repairs,$35.87
766,Em,Kerss,ekerssl9@scientificamerican.com,Auto Insurance Renewal,$20.15
767,Renard,Bowes,rbowesla@telegraph.co.uk,Bicycle Maintenance,$28.68
768,Cal,Pringley,cpringleylb@godaddy.com,Gasoline,$6.82
769,Leanora,Kenwin,lkenwinlc@quantcast.com,Dental Check-up,$8.84
770,Brooks,McClay,bmcclayld@etsy.com,Internet Service,$5.69
771,Caro,Asbury,casburyle@storify.com,Stock Market Investment,$33.12
772,Carie,Westcott,cwestcottlf@cloudflare.com,Gym Membership,$24.42
773,Domeniga,Handscombe,dhandscombelg@cam.ac.uk,Meat and Poultry,$6.71
774,Jeanine,Pow,jpowlh@gnu.org,Gym Membership,$10.00
775,Geri,Paraman,gparamanli@uol.com.br,Gasoline,$31.78
776,Chloris,Scole,cscolelj@linkedin.com,Auto Insurance Renewal,$6.79
777,Toma,Coltan,tcoltanlk@vkontakte.ru,Home Repairs,$30.72
778,Jamie,Relf,jrelfll@yolasite.com,Fresh Produce,$19.64
779,Mala,Coughan,mcoughanlm@arstechnica.com,Stock Market Investment,$6.35
780,Arlana,Graham,agrahamln@w3.org,Gym Membership,$14.22
781,Candy,Bateup,cbateuplo@domainmarket.com,Gym Membership,$22.29
782,Yance,Flewan,yflewanlp@accuweather.com,Fresh Produce,$12.24
783,Brina,Whyatt,bwhyattlq@prweb.com,Auto Insurance Renewal,$17.87
784,Lesli,Dumberell,ldumberelllr@furl.net,Bicycle Maintenance,$31.44
785,Reinhold,Gallaway,rgallawayls@go.com,Internet Service,$17.97
786,Rivy,Giddens,rgiddenslt@angelfire.com,Movie Tickets,$37.76
787,Kathrine,Walster,kwalsterlu@canalblog.com,Textbooks,$9.31
788,Mireille,Gawler,mgawlerlv@freewebs.com,Life Insurance Premium,$7.80
789,Vickie,Stivey,vstiveylw@unicef.org,Movie Tickets,$20.73
790,Renault,O'Monahan,romonahanlx@nsw.gov.au,Electricity Bill,$9.26
791,Lezlie,Carvilla,lcarvillaly@earthlink.net,Textbooks,$17.25
792,Tobin,Newburn,tnewburnlz@wix.com,Internet Service,$31.09
793,Joan,Dimitriou,jdimitrioum0@addtoany.com,Online Course Subscription,$31.39
794,Dell,Gariff,dgariffm1@w3.org,Textbooks,$15.29
795,Clayborn,Collin,ccollinm2@purevolume.com,Dental Check-up,$27.80
796,Farrell,Brunn,fbrunnm3@dailymail.co.uk,Fresh Produce,$9.29
797,Miguel,Durran,mdurranm4@sciencedirect.com,Bicycle Maintenance,$21.30
798,Erie,Lavrinov,elavrinovm5@hud.gov,Auto Insurance Renewal,$20.14
799,Briant,Kunkler,bkunklerm6@scientificamerican.com,Stock Market Investment,$6.57
800,Mab,Cammiemile,mcammiemilem7@cmu.edu,Textbooks,$28.30
